{
  "XFRED2508": {
    "Nw": 52,
    "d": [2, 2.5],
    "L": [11, 8],
    "w": 0.17897923599150234,
    "lw": 14.910846164230028,
    "wire_radius": 0.015
  },
  "XFRED2513": {
    "Nw": 52,
    "d": [2, 2.5],
    "L": [17, 13],
    "w": 0.18541427353405904,
    "lw": 22.41279396535232,
    "wire_radius": 0.015
  },
  "XFRED2520": {
    "Nw": 52,
    "d": [2, 2.5],
    "L": [28, 20],
    "w": 0.17710788092960425,
    "lw": 38.297084310253524,
    "wire_radius": 0.015
  },
  "XFRED2526": {
    "Nw": 52,
    "d": [2, 2.5],
    "L": [35, 26],
    "w": 0.1814519489118713,
    "lw": 46.9148164229596,
    "wire_radius": 0.015
  },
  "XFRED3009": {
    "Nw": 52,
    "d": [2.5, 3.0],
    "L": [12, 9],
    "w": 0.21390506666804093,
    "lw": 16.946439690442894,
    "wire_radius": 0.015
  },
  "XFRED3014": {
    "Nw": 52,
    "d": [2.5, 3.0],
    "L": [19, 14],
    "w": 0.21159714860750714,
    "lw": 27.129319932501076,
    "wire_radius": 0.015
  },
  "XFRED3021": {
    "Nw": 52,
    "d": [2.5, 3.0],
    "L": [29, 21],
    "w": 0.20956231372396633,
    "lw": 41.834087884055876,
    "wire_radius": 0.015
  },
  "XFRED3027": {
    "Nw": 52,
    "d": [2.5, 3.0],
    "L": [37, 27],
    "w": 0.21043611760043562,
    "lw": 53.13704408927407,
    "wire_radius": 0.015
  },
  "XFRED3507": {
    "Nw": 64,
    "d": [3.0, 3.5],
    "L": [10, 7],
    "w": 0.19246104609158413,
    "lw": 15.531605494306412,
    "wire_radius": 0.015
  },
  "XFRED3511": {
    "Nw": 64,
    "d": [3.0, 3.5],
    "L": [17, 11],
    "w": 0.18750336286422817,
    "lw": 27.46326217387092,
    "wire_radius": 0.015
  },
  "XFRED3516": {
    "Nw": 64,
    "d": [3.0, 3.5],
    "L": [24, 16],
    "w": 0.18916166391931238,
    "lw": 38.23812032715319,
    "wire_radius": 0.015
  },
  "XFRED3524": {
    "Nw": 64,
    "d": [3.0, 3.5],
    "L": [34, 24],
    "w": 0.19311744836686065,
    "lw": 52.556197029026414,
    "wire_radius": 0.015
  },
  "XFRED3536": {
    "Nw": 64,
    "d": [3.0, 3.5],
    "L": [49, 36],
    "w": 0.19672815929544746,
    "lw": 73.89857914736926,
    "wire_radius": 0.015
  },
  "XFRED4007": {
    "Nw": 64,
    "d": [3.5, 4.0],
    "L": [10, 7],
    "w": 0.2173354231586923,
    "lw": 16.32789024950866,
    "wire_radius": 0.015
  },
  "XFRED4012": {
    "Nw": 64,
    "d": [3.5, 4.0],
    "L": [18, 12],
    "w": 0.2139669515432452,
    "lw": 30.199337741082985,
    "wire_radius": 0.015
  },
  "XFRED4017": {
    "Nw": 64,
    "d": [3.5, 4.0],
    "L": [26, 17],
    "w": 0.2128400244731017,
    "lw": 44.0477014156244,
    "wire_radius": 0.015
  },
  "XFRED4026": {
    "Nw": 64,
    "d": [3.5, 4.0],
    "L": [37, 26],
    "w": 0.21764047231026515,
    "lw": 60.27271356094731,
    "wire_radius": 0.015
  },
  "XFRED4038": {
    "Nw": 64,
    "d": [3.5, 4.0],
    "L": [53, 38],
    "w": 0.2193444581482354,
    "lw": 85.25256594378845,
    "wire_radius": 0.015
  },
  "XFRED4508": {
    "Nw": 64,
    "d": [4.0, 4.5],
    "L": [11, 8],
    "w": 0.24554455023967123,
    "lw": 18.31906753342313,
    "wire_radius": 0.015
  },
  "XFRED4513": {
    "Nw": 64,
    "d": [4.0, 4.5],
    "L": [19, 13],
    "w": 0.24043242511863636,
    "lw": 32.92147520102591,
    "wire_radius": 0.015
  },
  "XFRED4518": {
    "Nw": 64,
    "d": [4.0, 4.5],
    "L": [27, 18],
    "w": 0.2387181670970777,
    "lw": 47.47321226073649,
    "wire_radius": 0.015
  },
  "XFRED4528": {
    "Nw": 64,
    "d": [4.0, 4.5],
    "L": [39, 28],
    "w": 0.24431039278740121,
    "lw": 65.54073721964161,
    "wire_radius": 0.015
  },
  "XFRED4539": {
    "Nw": 64,
    "d": [4.0, 4.5],
    "L": [56, 39],
    "w": 0.24174045402396618,
    "lw": 96.0,
    "wire_radius": 0.015
  },
  "XFRED5009": {
    "Nw": 64,
    "d": [4.5, 5.0],
    "L": [12, 9],
    "w": 0.2737788913693258,
    "lw": 20.312039468463553,
    "wire_radius": 0.015
  },
  "XFRED5014": {
    "Nw": 64,
    "d": [4.5, 5.0],
    "L": [20, 14],
    "w": 0.2669005564509877,
    "lw": 35.63262845379663,
    "wire_radius": 0.015
  },
  "XFRED5019": {
    "Nw": 64,
    "d": [4.5, 5.0],
    "L": [28, 19],
    "w": 0.26458866757651955,
    "lw": 50.86566415052184,
    "wire_radius": 0.015
  },
  "XFRED5514": {
    "Nw": 64,
    "d": [5.0, 5.5],
    "L": [22, 14],
    "w": 0.28547982805159483,
    "lw": 43.07468597016777,
    "wire_radius": 0.015
  },
  "XFRED5526": {
    "Nw": 64,
    "d": [5.0, 5.5],
    "L": [38, 26],
    "w": 0.28986960815660073,
    "lw": 71.42228543768988,
    "wire_radius": 0.015
  },
  "LEV4018": {
    "Nw": 16,
    "d": [2.5, 3.0, 3.5, 4.0],
    "L": [31, 28, 24, 18],
    "w": 0.9015770033194507,
    "lw": 36.919639375547646,
    "wire_radius": 0.015
  },
  "SILK3520Plus": {
    "Nw": 52,
    "d": [3.5, 4.0],
    "L": [20, 12],
    "w": 0.25709774060697926,
    "lw": 35.16058399211634,
    "wire_radius": 0.015
  },
  "SILK3010Plus": {
    "Nw": 52,
    "d": [3.0, 3.5],
    "L": [10, 7],
    "wire_radius": 0.015,
    "w": 0.23687513365118043,
    "lw": 15.531605494306419
  },
  "SILK2510Plus": {
    "Nw": 52,
    "d": [2.5, 3.0],
    "L": [10, 7],
    "wire_radius": 0.015,
    "w": 0.2061404654551065,
    "lw": 14.69384534113147
  },
  "SILK_V_3515": {
    "Nw": 48,
    "d": [3.5, 3.75],
    "L": [15, 11.5],
    "wire_radius": 0.015,
    "w": 0.2670393880942189,
    "lw": 29.186676223330366
  },
  "SILK_V_3520": {
    "Nw": 48,
    "d": [3.5, 3.75],
    "L": [20, 15.5],
    "wire_radius": 0.015,
    "w": 0.2681714426403719,
    "lw": 38.4667343970399
  },
  "SILK_V_3525": {
    "Nw": 48,
    "d": [3.5, 3.75],
    "L": [25, 19.5],
    "wire_radius": 0.015,
    "w": 0.2688901432859635,
    "lw": 47.74067881579718
  },
  "SILK_V_3530": {
    "Nw": 48,
    "d": [3.5, 3.75],
    "L": [30, 22.5],
    "wire_radius": 0.015,
    "w": 0.26499395220723704,
    "lw": 59.67584851974649
  },
  "SILK_V_3535": {
    "Nw": 48,
    "d": [3.5, 3.75],
    "L": [35, 26.5],
    "wire_radius": 0.015,
    "w": 0.2658373435531935,
    "lw": 68.97875734976122
  },
  "SILK_V_3540": {
    "Nw": 48,
    "d": [3.5, 3.75],
    "L": [40, 30],
    "wire_radius": 0.015,
    "w": 0.26499395220723704,
    "lw": 79.56779802632866
  },
  "SILK_V_37515": {
    "Nw": 48,
    "d": [3.75, 4.0],
    "L": [15, 12],
    "wire_radius": 0.015,
    "w": 0.28860669729396116,
    "lw": 28.511457798689484
  },
  "SILK_V_37520": {
    "Nw": 48,
    "d": [3.75, 4.0],
    "L": [20, 15],
    "wire_radius": 0.015,
    "w": 0.2814424958166643,
    "lw": 40.8676068582757
  },
  "SILK_V_37525": {
    "Nw": 48,
    "d": [3.75, 4.0],
    "L": [25, 19],
    "wire_radius": 0.015,
    "w": 0.28264472620213926,
    "lw": 50.40961249859059
  },
  "SILK_V_37530": {
    "Nw": 48,
    "d": [3.75, 4.0],
    "L": [30, 22],
    "wire_radius": 0.015,
    "w": 0.2796340918035255,
    "lw": 62.60475092762273
  },
  "SILK_V_4015": {
    "Nw": 48,
    "d": [4.0, 4.25],
    "L": [15, 11.5],
    "wire_radius": 0.015,
    "w": 0.2999529374304696,
    "lw": 30.732965224903896
  },
  "SILK_V_4020": {
    "Nw": 48,
    "d": [4.0, 4.25],
    "L": [20, 15],
    "wire_radius": 0.015,
    "w": 0.29788155784612386,
    "lw": 41.92345116490002
  },
  "SILK_V_4025": {
    "Nw": 48,
    "d": [4.0, 4.25],
    "L": [25, 18.5],
    "wire_radius": 0.015,
    "w": 0.2967630491675759,
    "lw": 53.089118898834144
  },
  "SILK_V_4030": {
    "Nw": 48,
    "d": [4.0, 4.25],
    "L": [30, 22],
    "wire_radius": 0.015,
    "w": 0.29606301332381674,
    "lw": 64.24291023258144
  },
  "SILK_V_42515": {
    "Nw": 48,
    "d": [4.25, 4.5],
    "L": [15, 11.5],
    "wire_radius": 0.015,
    "w": 0.31639503800662166,
    "lw": 31.477769933716722
  },
  "SILK_V_42520": {
    "Nw": 48,
    "d": [4.25, 4.5],
    "L": [20, 15],
    "wire_radius": 0.015,
    "w": 0.3143126260053403,
    "lw": 42.95346318982911
  },
  "SILK_V_42525": {
    "Nw": 48,
    "d": [4.25, 4.5],
    "L": [25, 18],
    "wire_radius": 0.015,
    "w": 0.31117703615539366,
    "lw": 55.77096018538681
  },
  "SILK_V_42530": {
    "Nw": 48,
    "d": [4.25, 4.5],
    "L": [30, 22.5],